[{"location":"San Francisco"},{"location":"San Francisco"},{"location":"new york"},{"location":"korea"},{"location":"cancun"},{"location":"canada"},{"location":"Israel"},{"location":"india"},{"location":"colu"},{"location":"india"},{"location":"japan"},{"location":"korea"},{"location":"new york"},{"location":"Greenville"},{"location":"france"},{"location":"San Francisco"},{"location":"San Francisco"},{"location":"new york"},{"location":"San Francisco"},{"location":"closter"},{"location":"New Brunswick"},{"location":"San Francisco"},{"location":"New Hope"},{"location":"New Brunswick"},{"location":"San Francisco"},{"location":"San Francisco"},{"location":"San Francisco"},{"location":"San Francisco"},{"location":"new jersey"},{"location":"india"},{"location":"korea"},{"location":"korea"},{"location":"korea"},{"location":"korea"},{"location":"korea"},{"location":"korea"},{"location":"korea"},{"location":"korea"},{"location":"korea"},{"location":"indianapolis"},{"location":"korea"},{"location":"north korea"},{"location":"india"},{"location":"paris"},{"location":"korea"},{"location":"korea"},{"location":"Afipskiy"},{"location":"Adzopé"},{"location":"Assis"},{"location":"Asenovgrad"},{"location":"Qaraçuxur"},{"location":"Qaraçuxur"},{"location":"Qaraçuxur"},{"location":"Fontana"},{"location":"killington, vt"},{"location":"killington, nj"},{"location":"killington, nj"},{"location":"killington"},{"location":"new york"},{"location":"oakland"},{"location":"oakland, nj"},{"location":"oakland"},{"location":"london"},{"location":"Sangod"},{"location":"sang"},{"location":"winter"},{"location":"hell"},{"location":"brazil"},{"location":"amazon"},{"location":"Winsen"},{"location":"New Castle"},{"location":"Yerres"},{"location":"Highland Park"},{"location":"Jerada"},{"location":"Jerusalem"},{"location":"romania"},{"location":"russia"},{"location":"new york"},{"location":"New Brunswick"},{"location":"hawaii"},{"location":"Indianapolis"},{"location":"seoul"},{"location":"Frameries"},{"location":"Frameries"},{"location":"Frameries"},{"location":"Frameries"},{"location":"Frameries"},{"location":"tenafly"},{"location":"north korea"},{"location":"france"},{"location":"Hellersdorf"},{"location":"closter"},{"location":"demarest"},{"location":"tenafly"},{"location":"leonia"},{"location":"New York City"},{"location":"Greenwood"},{"location":"bongo"},{"location":"Cancún"},{"location":"south kore"},{"location":"south kore"},{"location":"Tirana"},{"location":"Tirana"},{"location":"Tirana"},{"location":"Tirana"},{"location":"Villa Nueva"},{"location":"Villa Nueva"},{"location":"Frankston"},{"location":"Maymana"},{"location":"Vanadzor"},{"location":"Vanadzor"},{"location":"Vanadzor"},{"location":"west new york"},{"location":"west new york"},{"location":"West New York"},{"location":"Franceville"},{"location":"seoul"},{"location":"Ghazni"},{"location":"Ghazni"},{"location":"New York City"},{"location":"New York City"},{"location":"New Brunswick"},{"location":"New Brunswick"},{"location":"New Bedford"},{"location":"New Bedford"},{"location":"New Bedford"},{"location":"New Bedford"},{"location":"Newbury"},{"location":"Newbury"},{"location":"New Orleans"},{"location":"New Brunswick"},{"location":"New Brunswick"},{"location":"New Brunswick"},{"location":"new york"},{"location":"new york"},{"location":"new york"},{"location":"New york"},{"location":"New york"},{"location":"Greenburgh"},{"location":"New Delhi"},{"location":"New Delhi"},{"location":"Buenos Aires"},{"location":"Buenos Aires"},{"location":"Green Bay"},{"location":"Greensborough"},{"location":"Greenville"},{"location":"Greenville"},{"location":"Dubai"},{"location":"Dubai"},{"location":"Dubai"},{"location":"Dubai"},{"location":"Rosario"},{"location":"Fujikawaguchiko"},{"location":"Frankston"},{"location":"Dubai"},{"location":"Dubai"},{"location":"Dubai"},{"location":"Dubai"},{"location":"San Justo"},{"location":"San Justo"},{"location":"Rio de Janeiro"},{"location":"Rio de Janeiro"},{"location":"Hampton Park"},{"location":"Hampton Park"},{"location":"New Amsterdam"},{"location":"New Amsterdam"},{"location":"Newark"},{"location":"Newark"},{"location":"Newcastle"},{"location":"Newcastle"},{"location":"Newcastle"},{"location":"Newcastle"},{"location":"Newcastle"},{"location":"Newcastle"},{"location":"Trinidad"},{"location":"Trinidad"},{"location":"Qingzhou"},{"location":"Qingzhou"},{"location":"amazon"},{"location":"amazon"},{"location":"amazon"},{"location":"Fleurus"},{"location":"Fleurus"},{"location":"Lincoln"},{"location":"fiji"},{"location":"Feni"},{"location":"Feni"},{"location":"Feni"},{"location":"Sweden"},{"location":"Caxito"},{"location":"Caxito"},{"location":"Caxito"},{"location":"Caxito"},{"location":"Doboj"},{"location":"Doboj"},{"location":"Quaraí"},{"location":"Quaraí"},{"location":"Dibba Al-Hisn"},{"location":"Dibba Al-Hisn"},{"location":"Durrës"},{"location":"Durrës"},{"location":"Durrës"},{"location":"Durrës"},{"location":"Reservoir"},{"location":"Reservoir"},{"location":"Reservoir"},{"location":"Formosa"},{"location":"Formosa"},{"location":"Tirana"},{"location":"Tirana"},{"location":"Villa Nueva"},{"location":"Villa Nueva"},{"location":"Frankston"},{"location":"Philippines"},{"location":"Woodridge"},{"location":"Rowville"},{"location":"Rowville"},{"location":"Quba"},{"location":"Wels"},{"location":"Wels"},{"location":"Federal"},{"location":"Federal"},{"location":"South Africa"},{"location":"Trinidad"},{"location":"france"},{"location":"france"},{"location":"france"},{"location":"Freeport"},{"location":"busan"},{"location":"busan"},{"location":"busan"},{"location":"Incheon"},{"location":"Incheon"}]